sim,front,mid,back,lat_left,lat_right,coronal,condition,GGP,GGM,GGA,STY,MH,HG,TRANS,VERT,SL,IL,JAW.OPEN,JAW.CLOSE
20172,0,0,0,1,1,0,5mm,0.1,0,0,0,0.25,0,0,0,0.1,0,0,0.0015
26512,0,0,0,2,2,0,5mm,0.1,0.1,0,0,0.1,0,0,0.25,0.25,0.1,0,0.0015
26735,0,0,0,1,1,0,5mm,0.1,0.1,0,0,0.25,0,0,0,0.1,0.25,0,0.0015
32812,0,0,0,1,1,0,5mm,0.1,0.25,0,0,0,0,0,0,0.25,0.1,0,0.0015
33065,0,0,0,2,2,0,5mm,0.1,0.25,0,0,0.1,0,0,0.1,0.25,0.25,0,0.0015
33073,0,0,0,2,2,0,5mm,0.1,0.25,0,0,0.1,0,0,0.25,0.25,0.1,0,0.0015
34033,0,0,0,1,2,0,5mm,0.1,0.25,0,0.1,0.25,0,0,0.1,0.1,0.1,0,0.0015
35499,0,0,0,1,2,0,5mm,0.1,0.25,0.1,0,0.25,0,0,0.25,0.1,0,0,0.0015
37689,0,0,0,1,1,0,5mm,0.1,0.25,0.25,0,0.25,0,0,0.25,0.25,0,0,0.0015
39372,0,0,0,2,2,0,5mm,0.25,0,0,0,0,0,0,0,0.25,0,0,0.0015
39381,0,0,0,1,1,0,5mm,0.25,0,0,0,0,0,0,0.1,0.25,0,0,0.0015
39614,0,0,0,2,2,0,5mm,0.25,0,0,0,0.1,0,0,0,0.1,0.25,0,0.0015
39660,3,6,0,1,1,7,5mm,0.25,0,0,0,0.1,0,0.1,0.25,0.25,0,0,0.0015
39858,0,0,0,2,2,0,5mm,0.25,0,0,0,0.25,0,0,0,0.25,0,0,0.0015
39866,0,0,0,2,1,0,5mm,0.25,0,0,0,0.25,0,0,0.1,0.1,0.25,0,0.0015
40359,0,0,0,2,1,0,5mm,0.25,0,0,0.1,0.1,0,0,0.25,0.1,0,0,0.0015
41575,0,0,0,1,1,0,5mm,0.25,0,0.1,0,0,0,0,0.25,0.1,0.1,0,0.0015
42046,0,0,0,5,3,0,5mm,0.25,0,0.1,0,0.25,0,0,0,0.25,0.1,0,0.0015
42054,0,0,0,2,1,0,5mm,0.25,0,0.1,0,0.25,0,0,0.1,0.25,0,0,0.0015
42533,0,0,0,1,1,0,5mm,0.25,0,0.1,0.1,0.1,0,0,0,0.25,0.25,0,0.0015
42541,0,0,0,2,2,0,5mm,0.25,0,0.1,0.1,0.1,0,0,0.1,0.25,0.1,0,0.0015
42549,0,0,0,1,1,0,5mm,0.25,0,0.1,0.1,0.1,0,0,0.25,0.25,0,0,0.0015
42774,0,0,0,1,1,0,5mm,0.25,0,0.1,0.1,0.25,0,0,0,0.25,0,0,0.0015
42781,0,0,0,1,1,0,5mm,0.25,0,0.1,0.1,0.25,0,0,0.1,0.1,0.1,0,0.0015
42787,0,0,0,1,1,0,5mm,0.25,0,0.1,0.1,0.25,0,0,0.25,0,0.1,0,0.0015
44002,0,0,0,1,1,0,5mm,0.25,0,0.25,0,0.1,0,0,0.25,0,0.1,0,0.0015
44247,0,0,0,1,1,0,5mm,0.25,0,0.25,0,0.25,0,0,0.25,0.1,0,0,0.0015
45934,0,0,0,1,1,0,5mm,0.25,0.1,0,0,0,0,0,0,0.25,0.1,0,0.0015
45942,0,0,0,2,2,0,5mm,0.25,0.1,0,0,0,0,0,0.1,0.25,0,0,0.0015
46187,0,0,0,2,2,0,5mm,0.25,0.1,0,0,0.1,0,0,0.1,0.25,0.25,0,0.0015
46195,0,0,0,3,3,0,5mm,0.25,0.1,0,0,0.1,0,0,0.25,0.25,0.1,0,0.0015
46203,2,7,0,1,1,8,5mm,0.25,0.1,0,0,0.1,0,0.1,0,0.25,0,0,0.0015
46430,0,0,0,4,4,0,5mm,0.25,0.1,0,0,0.25,0,0,0.1,0.25,0.25,0,0.0015
46438,0,0,0,5,3,0,5mm,0.25,0.1,0,0,0.25,0,0,0.25,0.25,0.1,0,0.0015
46446,3,6,0,2,2,7,5mm,0.25,0.1,0,0,0.25,0,0.1,0,0.25,0,0,0.0015
46902,0,0,0,2,2,0,5mm,0.25,0.1,0,0.1,0.1,0,0,0,0.1,0,0,0.0015
46924,0,0,0,1,1,0,5mm,0.25,0.1,0,0.1,0.1,0,0,0.25,0.25,0.1,0,0.0015
47147,0,0,0,1,1,0,5mm,0.25,0.1,0,0.1,0.25,0,0,0,0.1,0.25,0,0.0015
47156,0,0,0,2,2,0,5mm,0.25,0.1,0,0.1,0.25,0,0,0.1,0.1,0.25,0,0.0015
48138,0,0,0,1,1,0,5mm,0.25,0.1,0.1,0,0,0,0,0.25,0.25,0,0,0.0015
48383,0,0,0,1,1,0,5mm,0.25,0.1,0.1,0,0.1,0,0,0.25,0.25,0.25,0,0.0015
48606,0,0,0,3,1,0,5mm,0.25,0.1,0.1,0,0.25,0,0,0,0.25,0,0,0.0015
48622,0,0,0,1,1,0,5mm,0.25,0.1,0.1,0,0.25,0,0,0.25,0.1,0.1,0,0.0015
49334,0,0,0,1,2,0,5mm,0.25,0.1,0.1,0.1,0.25,0,0,0,0.1,0.25,0,0.0015
50560,0,0,0,1,1,0,5mm,0.25,0.1,0.25,0,0.1,0,0,0.1,0.25,0.1,0,0.0015
50568,0,0,0,2,1,0,5mm,0.25,0.1,0.25,0,0.1,0,0,0.25,0.25,0,0,0.0015
50794,0,0,0,1,1,0,5mm,0.25,0.1,0.25,0,0.25,0,0,0,0.25,0.1,0,0.0015
50802,0,0,0,1,1,0,5mm,0.25,0.1,0.25,0,0.25,0,0,0.1,0.25,0,0,0.0015
50810,0,0,0,1,1,0,5mm,0.25,0.1,0.25,0,0.25,0,0,0.25,0.1,0.25,0,0.0015
52514,0,0,0,1,1,0,5mm,0.25,0.25,0,0,0,0,0,0.25,0.25,0.25,0,0.0015
52593,0,0,0,1,1,0,5mm,0.25,0.25,0,0,0,0.1,0,0.25,0.25,0,0,0.0015
52757,0,0,0,2,1,0,5mm,0.25,0.25,0,0,0.1,0,0,0.25,0.25,0.25,0,0.0015
52765,0,0,0,2,2,0,5mm,0.25,0.25,0,0,0.1,0,0.1,0,0.25,0.1,0,0.0015
53009,0,0,0,1,2,0,5mm,0.25,0.25,0,0,0.25,0,0.1,0,0.25,0.25,0,0.0015
53224,0,0,0,2,1,0,5mm,0.25,0.25,0,0.1,0,0,0,0,0.25,0.1,0,0.0015
53232,0,0,0,2,2,0,5mm,0.25,0.25,0,0.1,0,0,0,0.1,0.25,0,0,0.0015
53470,0,0,0,1,1,0,5mm,0.25,0.25,0,0.1,0.1,0,0,0.1,0,0.1,0,0.0015
53708,0,0,0,2,3,0,5mm,0.25,0.25,0,0.1,0.25,0,0,0,0.1,0.25,0,0.0015
53716,0,0,0,2,4,0,5mm,0.25,0.25,0,0.1,0.25,0,0,0.1,0.1,0.1,0,0.0015
53722,0,0,0,1,3,0,5mm,0.25,0.25,0,0.1,0.25,0,0,0.25,0,0.1,0,0.0015
53753,0,0,0,1,1,0,5mm,0.25,0.25,0,0.1,0.25,0,0.1,0.25,0.1,0.25,0,0.0015
53807,0,0,0,1,1,0,5mm,0.25,0.25,0,0.1,0.25,0.1,0,0.25,0.1,0.25,0,0.0015
54693,0,0,0,1,1,0,5mm,0.25,0.25,0.1,0,0,0,0,0.25,0,0,0,0.0015
55169,0,0,0,3,2,0,5mm,0.25,0.25,0.1,0,0.25,0,0,0,0.25,0.25,0,0.0015
55177,0,0,0,2,2,0,5mm,0.25,0.25,0.1,0,0.25,0,0,0.1,0.25,0.1,0,0.0015
55185,0,0,0,2,2,0,5mm,0.25,0.25,0.1,0,0.25,0,0,0.25,0.25,0,0,0.0015
55897,0,0,0,2,3,0,5mm,0.25,0.25,0.1,0.1,0.25,0,0,0,0.25,0.1,0,0.0015
55915,0,0,0,2,3,0,5mm,0.25,0.25,0.1,0.1,0.25,0,0,0.25,0.25,0.1,0,0.0015
55923,0,0,0,2,2,0,5mm,0.25,0.25,0.1,0.1,0.25,0,0.1,0,0.25,0,0,0.0015
56874,0,0,0,1,1,0,5mm,0.25,0.25,0.25,0,0,0,0,0.1,0.1,0,0,0.0015
56883,0,0,0,2,2,0,5mm,0.25,0.25,0.25,0,0,0,0,0.25,0.1,0,0,0.0015
57113,0,0,0,1,1,0,5mm,0.25,0.25,0.25,0,0.1,0,0,0,0.25,0.25,0,0.0015
57121,0,0,0,1,1,0,5mm,0.25,0.25,0.25,0,0.1,0,0,0.1,0.25,0.1,0,0.0015
57128,0,0,0,1,2,0,5mm,0.25,0.25,0.25,0,0.1,0,0,0.25,0.1,0.25,0,0.0015
57367,0,0,0,1,1,0,5mm,0.25,0.25,0.25,0,0.25,0,0,0.25,0,0.1,0,0.0015
57374,0,0,0,1,2,0,5mm,0.25,0.25,0.25,0,0.25,0,0,0.25,0.25,0.25,0,0.0015
13624,0,0,0,1,1,0,5mm,0,0.25,0,0,0.25,0,0,0.1,0.25,0.1,0,0.0015
13632,0,0,0,1,1,0,5mm,0,0.25,0,0,0.25,0,0,0.25,0.25,0,0,0.0015
19707,0,0,0,1,1,0,5mm,0.1,0,0,0,0,0,0,0.25,0.25,0,0,0.0015
20195,0,0,0,1,1,0,5mm,0.1,0,0,0,0.25,0,0,0.25,0.25,0.25,0,0.0015
26502,0,0,0,2,2,0,5mm,0.1,0.1,0,0,0.1,0,0,0.1,0.25,0,0,0.0015
26737,0,0,0,1,1,0,5mm,0.1,0.1,0,0,0.25,0,0,0,0.25,0.1,0,0.0015
27501,0,0,0,1,1,0,5mm,0.1,0.1,0,0.1,0.25,0,0.1,0.1,0.25,0,0,0.0015
32813,0,0,0,1,1,0,5mm,0.1,0.25,0,0,0,0,0,0,0.25,0.25,0,0.0015
33317,0,0,0,2,2,0,5mm,0.1,0.25,0,0,0.25,0,0,0.25,0.25,0.25,0,0.0015
33325,0,0,0,1,1,0,5mm,0.1,0.25,0,0,0.25,0,0.1,0,0.25,0.1,0,0.0015
34026,0,0,0,1,1,0,5mm,0.1,0.25,0,0.1,0.25,0,0,0,0.25,0,0,0.0015
34042,0,0,0,2,2,0,5mm,0.1,0.25,0,0.1,0.25,0,0,0.25,0.1,0.1,0,0.0015
35502,0,0,0,1,1,0,5mm,0.1,0.25,0.1,0,0.25,0,0,0.25,0.25,0,0,0.0015
35970,0,0,0,2,1,0,5mm,0.1,0.25,0.1,0.1,0.1,0,0,0,0.25,0,0,0.0015
39374,0,0,0,2,1,0,5mm,0.25,0,0,0,0,0,0,0,0.25,0.25,0,0.0015
39382,0,0,0,1,1,0,5mm,0.25,0,0,0,0,0,0,0.1,0.25,0.1,0,0.0015
39390,0,0,0,2,2,0,5mm,0.25,0,0,0,0,0,0,0.25,0.25,0,0,0.0015
39616,0,0,0,1,1,0,5mm,0.25,0,0,0,0.1,0,0,0,0.25,0.1,0,0.0015
39624,0,0,0,2,2,0,5mm,0.25,0,0,0,0.1,0,0,0.1,0.25,0,0,0.0015
39662,0,0,0,1,1,0,5mm,0.25,0,0,0,0.1,0,0.1,0.25,0.25,0.25,0,0.0015
39853,0,0,0,2,2,0,5mm,0.25,0,0,0,0.25,0,0,0,0,0.1,0,0.0015
39869,0,0,0,2,2,0,5mm,0.25,0,0,0,0.25,0,0,0.1,0.25,0.25,0,0.0015
39877,0,0,0,3,4,0,5mm,0.25,0,0,0,0.25,0,0,0.25,0.25,0.1,0,0.0015
39885,2,7,0,1,1,8,5mm,0.25,0,0,0,0.25,0,0.1,0,0.25,0,0,0.0015
40371,0,0,0,1,1,0,5mm,0.25,0,0,0.1,0.1,0,0.1,0,0.25,0,0,0.0015
41577,0,0,0,1,1,0,5mm,0.25,0,0.1,0,0,0,0,0.25,0.25,0,0,0.0015
41802,0,0,0,2,1,0,5mm,0.25,0,0.1,0,0.1,0,0,0,0.25,0,0,0.0015
41818,0,0,0,1,1,0,5mm,0.25,0,0.1,0,0.1,0,0,0.25,0.1,0.1,0,0.0015
42065,0,0,0,1,1,0,5mm,0.25,0,0.1,0,0.25,0,0,0.25,0.25,0.25,0,0.0015
42531,0,0,0,2,1,0,5mm,0.25,0,0.1,0.1,0.1,0,0,0,0.25,0,0,0.0015
42772,0,0,0,1,1,0,5mm,0.25,0,0.1,0.1,0.25,0,0,0,0.1,0.1,0,0.0015
43761,0,0,0,1,1,0,5mm,0.25,0,0.25,0,0,0,0,0.25,0.1,0,0,0.0015
43999,0,0,0,1,1,0,5mm,0.25,0,0.25,0,0.1,0,0,0.1,0.25,0.1,0,0.0015
44008,0,0,0,1,1,0,5mm,0.25,0,0.25,0,0.1,0,0,0.25,0.25,0.1,0,0.0015
44232,0,0,0,1,1,0,5mm,0.25,0,0.25,0,0.25,0,0,0,0.25,0,0,0.0015
44248,0,0,0,1,1,0,5mm,0.25,0,0.25,0,0.25,0,0,0.25,0.1,0.1,0,0.0015
44956,0,0,0,1,1,0,5mm,0.25,0,0.25,0.1,0.25,0,0,0,0,0.1,0,0.0015
46178,0,0,0,2,2,0,5mm,0.25,0.1,0,0,0.1,0,0,0,0.25,0.25,0,0.0015
46186,0,0,0,3,2,0,5mm,0.25,0.1,0,0,0.1,0,0,0.1,0.25,0.1,0,0.0015
46194,0,0,0,3,3,0,5mm,0.25,0.1,0,0,0.1,0,0,0.25,0.25,0,0,0.0015
46424,0,0,0,2,3,0,5mm,0.25,0.1,0,0,0.25,0,0,0.1,0,0.25,0,0.0015
46507,0,0,0,1,1,0,5mm,0.25,0.1,0,0,0.25,0.1,0,0.1,0.1,0.1,0,0.0015
47146,0,0,0,2,2,0,5mm,0.25,0.1,0,0.1,0.25,0,0,0,0.1,0.1,0,0.0015
47163,0,0,0,2,3,0,5mm,0.25,0.1,0,0.1,0.25,0,0,0.25,0.1,0,0,0.0015
48126,0,0,0,1,1,0,5mm,0.25,0.1,0.1,0,0,0,0,0.1,0.1,0,0,0.0015
48608,0,0,0,4,3,0,5mm,0.25,0.1,0.1,0,0.25,0,0,0,0.25,0.25,0,0.0015
48616,0,0,0,2,1,0,5mm,0.25,0.1,0.1,0,0.25,0,0,0.1,0.25,0.1,0,0.0015
48624,0,0,0,2,2,0,5mm,0.25,0.1,0.1,0,0.25,0,0,0.25,0.25,0,0,0.0015
49332,0,0,0,1,1,0,5mm,0.25,0.1,0.1,0.1,0.25,0,0,0,0.1,0,0,0.0015
49339,0,0,0,1,2,0,5mm,0.25,0.1,0.1,0.1,0.25,0,0,0.1,0,0.1,0,0.0015
49349,0,0,0,1,2,0,5mm,0.25,0.1,0.1,0.1,0.25,0,0,0.25,0,0.25,0,0.0015
50324,0,0,0,1,1,0,5mm,0.25,0.1,0.25,0,0,0,0,0.25,0.1,0.25,0,0.0015
50550,0,0,0,1,1,0,5mm,0.25,0.1,0.25,0,0.1,0,0,0,0.25,0,0,0.0015
50558,0,0,0,1,1,0,5mm,0.25,0.1,0.25,0,0.1,0,0,0.1,0.1,0.25,0,0.0015
50564,0,0,0,1,1,0,5mm,0.25,0.1,0.25,0,0.1,0,0,0.25,0,0.25,0,0.0015
50804,0,0,0,1,1,0,5mm,0.25,0.1,0.25,0,0.25,0,0,0.1,0.25,0.25,0,0.0015
50812,0,0,0,1,1,0,5mm,0.25,0.1,0.25,0,0.25,0,0,0.25,0.25,0.1,0,0.0015
52494,0,0,0,2,2,0,5mm,0.25,0.25,0,0,0,0,0,0,0.25,0,0,0.0015
52510,0,0,0,2,2,0,5mm,0.25,0.25,0,0,0,0,0,0.25,0.1,0.1,0,0.0015
52737,0,0,0,4,4,0,5mm,0.25,0.25,0,0,0.1,0,0,0,0.25,0,0,0.0015
52976,0,0,0,1,2,0,5mm,0.25,0.25,0,0,0.25,0,0,0,0,0.25,0,0.0015
53000,0,0,0,3,4,0,5mm,0.25,0.25,0,0,0.25,0,0,0.25,0.25,0.25,0,0.0015
53008,0,0,0,2,2,0,5mm,0.25,0.25,0,0,0.25,0,0.1,0,0.25,0.1,0,0.0015
53225,0,0,0,1,1,0,5mm,0.25,0.25,0,0.1,0,0,0,0,0.25,0.25,0,0.0015
53233,0,0,0,2,2,0,5mm,0.25,0.25,0,0.1,0,0,0,0.1,0.25,0.1,0,0.0015
53241,0,0,0,1,1,0,5mm,0.25,0.25,0,0.1,0,0,0,0.25,0.25,0,0,0.0015
53467,0,0,0,1,1,0,5mm,0.25,0.25,0,0.1,0.1,0,0,0,0.25,0.1,0,0.0015
53476,0,0,0,2,2,0,5mm,0.25,0.25,0,0.1,0.1,0,0,0.1,0.25,0.1,0,0.0015
53484,0,0,0,2,3,0,5mm,0.25,0.25,0,0.1,0.1,0,0,0.25,0.25,0,0,0.0015
53709,0,0,0,1,1,0,5mm,0.25,0.25,0,0.1,0.25,0,0,0,0.25,0,0,0.0015
53717,0,0,0,2,3,0,5mm,0.25,0.25,0,0.1,0.25,0,0,0.1,0.1,0.25,0,0.0015
53725,0,0,0,1,3,0,5mm,0.25,0.25,0,0.1,0.25,0,0,0.25,0.1,0.1,0,0.0015
54689,0,0,0,1,1,0,5mm,0.25,0.25,0.1,0,0,0,0,0.1,0.1,0.25,0,0.0015
54697,0,0,0,2,2,0,5mm,0.25,0.25,0.1,0,0,0,0,0.25,0.1,0.1,0,0.0015
55654,0,0,0,2,2,0,5mm,0.25,0.25,0.1,0.1,0.1,0,0,0,0.25,0.1,0,0.0015
55895,0,0,0,1,2,0,5mm,0.25,0.25,0.1,0.1,0.25,0,0,0,0.1,0.25,0,0.0015
55905,0,0,0,3,4,0,5mm,0.25,0.25,0.1,0.1,0.25,0,0,0.1,0.25,0,0,0.0015
56643,0,0,0,1,1,0,5mm,0.25,0.25,0.1,0.25,0.25,0,0,0.25,0.25,0,0,0.0015
56887,0,0,0,1,1,0,5mm,0.25,0.25,0.25,0,0,0,0,0.25,0.25,0.1,0,0.0015
57363,0,0,0,1,2,0,5mm,0.25,0.25,0.25,0,0.25,0,0,0.1,0.25,0,0,0.0015
57371,0,0,0,1,2,0,5mm,0.25,0.25,0.25,0,0.25,0,0,0.25,0.1,0.25,0,0.0015
13380,0,0,0,1,1,0,5mm,0,0.25,0,0,0.1,0,0,0.1,0.25,0,0,0.0015
13389,0,0,0,1,1,0,5mm,0,0.25,0,0,0.1,0,0,0.25,0.25,0,0,0.0015
14379,0,0,0,1,1,0,5mm,0,0.25,0,0.1,0.25,0,0.1,0.1,0.25,0,0,0.0015
19950,0,3,0,1,2,3,5mm,0.1,0,0,0,0.1,0,0,0.25,0.25,0,0,0.0015
20193,0,3,0,2,2,3,5mm,0.1,0,0,0,0.25,0,0,0.25,0.25,0,0,0.0015
26736,0,0,0,2,1,0,5mm,0.1,0.1,0,0,0.25,0,0,0,0.25,0,0,0.0015
26745,0,0,0,2,2,0,5mm,0.1,0.1,0,0,0.25,0,0,0.1,0.25,0,0,0.0015
33074,0,0,0,1,1,0,5mm,0.1,0.25,0,0,0.1,0,0,0.25,0.25,0.25,0,0.0015
33298,0,0,0,2,2,0,5mm,0.1,0.25,0,0,0.25,0,0,0,0.25,0.1,0,0.0015
33306,0,0,0,2,2,0,5mm,0.1,0.25,0,0,0.25,0,0,0.1,0.25,0,0,0.0015
36213,0,0,0,2,2,0,5mm,0.1,0.25,0.1,0.1,0.25,0,0,0,0.25,0,0,0.0015
36233,0,0,0,2,2,0,5mm,0.1,0.25,0.1,0.1,0.25,0,0,0.25,0.25,0.25,0,0.0015
39619,0,0,0,1,1,0,5mm,0.25,0,0,0,0.1,0,0,0.1,0,0.1,0,0.0015
39635,0,0,0,2,2,0,5mm,0.25,0,0,0,0.1,0,0,0.25,0.25,0.25,0,0.0015
39651,2,7,0,1,1,8,5mm,0.25,0,0,0,0.1,0,0.1,0.1,0.25,0,0,0.0015
39862,0,0,0,2,1,0,5mm,0.25,0,0,0,0.25,0,0,0.1,0,0.1,0,0.0015
39887,0,0,0,1,1,0,5mm,0.25,0,0,0,0.25,0,0.1,0,0.25,0.25,0,0.0015
39894,3,5,0,1,1,7,5mm,0.25,0,0,0,0.25,0,0.1,0.1,0.25,0,0,0.0015
41821,0,0,0,1,1,0,5mm,0.25,0,0.1,0,0.1,0,0,0.25,0.25,0.1,0,0.0015
42041,0,0,0,1,2,0,5mm,0.25,0,0.1,0,0.25,0,0,0,0,0.25,0,0.0015
42050,0,0,0,1,2,0,5mm,0.25,0,0.1,0,0.25,0,0,0.1,0,0.25,0,0.0015
42777,0,0,0,1,1,0,5mm,0.25,0,0.1,0.1,0.25,0,0,0.1,0,0,0,0.0015
42785,0,0,0,1,1,0,5mm,0.25,0,0.1,0.1,0.25,0,0,0.1,0.25,0.25,0,0.0015
42793,0,0,0,2,3,0,5mm,0.25,0,0.1,0.1,0.25,0,0,0.25,0.25,0.1,0,0.0015
43996,0,0,0,1,1,0,5mm,0.25,0,0.25,0,0.1,0,0,0.1,0.1,0.1,0,0.0015
44004,0,0,0,1,1,0,5mm,0.25,0,0.25,0,0.1,0,0,0.25,0.1,0,0,0.0015
44228,0,0,0,1,1,0,5mm,0.25,0,0.25,0,0.25,0,0,0,0,0.25,0,0.0015
44966,0,0,0,1,1,0,5mm,0.25,0,0.25,0.1,0.25,0,0,0.1,0,0.25,0,0.0015
46175,0,0,0,1,1,0,5mm,0.25,0.1,0,0,0.1,0,0,0,0.1,0.25,0,0.0015
46420,0,0,0,3,2,0,5mm,0.25,0.1,0,0,0.25,0,0,0,0.25,0.1,0,0.0015
46428,0,0,0,4,4,0,5mm,0.25,0.1,0,0,0.25,0,0,0.1,0.25,0,0,0.0015
46457,0,0,0,1,1,0,5mm,0.25,0.1,0,0,0.25,0,0.1,0.1,0.25,0.25,0,0.0015
46923,0,0,0,1,2,0,5mm,0.25,0.1,0,0.1,0.1,0,0,0.25,0.25,0,0,0.0015
47155,0,0,0,2,3,0,5mm,0.25,0.1,0,0.1,0.25,0,0,0.1,0.1,0.1,0,0.0015
48374,0,0,0,1,1,0,5mm,0.25,0.1,0.1,0,0.1,0,0,0.1,0.25,0.25,0,0.0015
48382,0,0,0,2,1,0,5mm,0.25,0.1,0.1,0,0.1,0,0,0.25,0.25,0.1,0,0.0015
48602,0,0,0,1,3,0,5mm,0.25,0.1,0.1,0,0.25,0,0,0,0,0.25,0,0.0015
48617,0,0,0,2,1,0,5mm,0.25,0.1,0.1,0,0.25,0,0,0.1,0.25,0.25,0,0.0015
48625,0,0,0,2,2,0,5mm,0.25,0.1,0.1,0,0.25,0,0,0.25,0.25,0.1,0,0.0015
49333,0,0,0,1,2,0,5mm,0.25,0.1,0.1,0.1,0.25,0,0,0,0.1,0.1,0,0.0015
49372,0,0,0,1,1,0,5mm,0.25,0.1,0.1,0.1,0.25,0,0.1,0.1,0.25,0.1,0,0.0015
49380,0,0,0,2,2,0,5mm,0.25,0.1,0.1,0.1,0.25,0,0.1,0.25,0.25,0,0,0.0015
50322,0,0,0,2,2,0,5mm,0.25,0.1,0.25,0,0,0,0,0.25,0.1,0,0,0.0015
50556,0,0,0,1,1,0,5mm,0.25,0.1,0.25,0,0.1,0,0,0.1,0.1,0,0,0.0015
50566,0,0,0,1,1,0,5mm,0.25,0.1,0.25,0,0.1,0,0,0.25,0.1,0.1,0,0.0015
50789,0,0,0,1,1,0,5mm,0.25,0.1,0.25,0,0.25,0,0,0,0,0.25,0,0.0015
52492,0,0,0,1,1,0,5mm,0.25,0.25,0,0,0,0,0,0,0.1,0.1,0,0.0015
52501,0,0,0,2,2,0,5mm,0.25,0.25,0,0,0,0,0,0.1,0.1,0.1,0,0.0015
52511,0,0,0,1,1,0,5mm,0.25,0.25,0,0,0,0,0,0.25,0.1,0.25,0,0.0015
52982,0,0,0,5,4,0,5mm,0.25,0.25,0,0,0.25,0,0,0,0.25,0.25,0,0.0015
52990,0,0,0,5,4,0,5mm,0.25,0.25,0,0,0.25,0,0,0.1,0.25,0.1,0,0.0015
52998,0,0,0,5,4,0,5mm,0.25,0.25,0,0,0.25,0,0,0.25,0.25,0,0,0.0015
53079,0,0,0,1,1,0,5mm,0.25,0.25,0,0,0.25,0.1,0,0.25,0.25,0,0,0.0015
53223,0,0,0,2,1,0,5mm,0.25,0.25,0,0.1,0,0,0,0,0.25,0,0,0.0015
53471,0,0,0,1,1,0,5mm,0.25,0.25,0,0.1,0.1,0,0,0.1,0,0.25,0,0.0015
53511,0,0,0,2,2,0,5mm,0.25,0.25,0,0.1,0.1,0,0.1,0.25,0.25,0,0,0.0015
53704,0,0,0,1,4,0,5mm,0.25,0.25,0,0.1,0.25,0,0,0,0,0.1,0,0.0015
53712,0,0,0,1,1,0,5mm,0.25,0.25,0,0.1,0.25,0,0,0.1,0,0,0,0.0015
53720,0,0,0,1,1,0,5mm,0.25,0.25,0,0.1,0.25,0,0,0.1,0.25,0.25,0,0.0015
53728,0,0,0,2,3,0,5mm,0.25,0.25,0,0.1,0.25,0,0,0.25,0.25,0.1,0,0.0015
53752,0,0,0,1,1,0,5mm,0.25,0.25,0,0.1,0.25,0,0.1,0.25,0.1,0.1,0,0.0015
53806,0,0,0,1,1,0,5mm,0.25,0.25,0,0.1,0.25,0.1,0,0.25,0.1,0.1,0,0.0015
54687,0,0,0,2,2,0,5mm,0.25,0.25,0.1,0,0,0,0,0.1,0.1,0,0,0.0015
54701,0,0,0,2,2,0,5mm,0.25,0.25,0.1,0,0,0,0,0.25,0.25,0.25,0,0.0015
54935,0,0,0,2,1,0,5mm,0.25,0.25,0.1,0,0.1,0,0,0.1,0.25,0.25,0,0.0015
54943,0,0,0,2,2,0,5mm,0.25,0.25,0.1,0,0.1,0,0,0.25,0.25,0.1,0,0.0015
55168,0,0,0,2,2,0,5mm,0.25,0.25,0.1,0,0.25,0,0,0,0.25,0.1,0,0.0015
55183,0,0,0,1,2,0,5mm,0.25,0.25,0.1,0,0.25,0,0,0.25,0.1,0.1,0,0.0015
55655,0,0,0,2,2,0,5mm,0.25,0.25,0.1,0.1,0.1,0,0,0,0.25,0.25,0,0.0015
55899,0,0,0,1,1,0,5mm,0.25,0.25,0.1,0.1,0.25,0,0,0.1,0,0,0,0.0015
55907,0,0,0,2,3,0,5mm,0.25,0.25,0.1,0.1,0.25,0,0,0.1,0.25,0.25,0,0.0015
55916,0,0,0,2,3,0,5mm,0.25,0.25,0.1,0.1,0.25,0,0,0.25,0.25,0.25,0,0.0015
55924,0,0,0,2,2,0,5mm,0.25,0.25,0.1,0.1,0.25,0,0.1,0,0.25,0.1,0,0.0015
55932,0,0,0,2,1,0,5mm,0.25,0.25,0.1,0.1,0.25,0,0.1,0.1,0.25,0,0,0.0015
57111,0,0,0,1,1,0,5mm,0.25,0.25,0.25,0,0.1,0,0,0,0.25,0,0,0.0015
57119,0,0,0,1,1,0,5mm,0.25,0.25,0.25,0,0.1,0,0,0.1,0.1,0.25,0,0.0015
57127,0,0,0,1,2,0,5mm,0.25,0.25,0.25,0,0.1,0,0,0.25,0.1,0.1,0,0.0015
57362,0,0,0,1,2,0,5mm,0.25,0.25,0.25,0,0.25,0,0,0.1,0.1,0.25,0,0.0015
57369,0,0,0,2,2,0,5mm,0.25,0.25,0.25,0,0.25,0,0,0.25,0.1,0,0,0.0015
57401,0,0,0,1,1,0,5mm,0.25,0.25,0.25,0,0.25,0,0.1,0.25,0.25,0.25,0,0.0015
58079,0,0,0,1,1,0,5mm,0.25,0.25,0.25,0.1,0.25,0,0,0,0,0.25,0,0.0015
13623,0,0,0,1,1,0,5mm,0,0.25,0,0,0.25,0,0,0.1,0.25,0,0,0.0015
26260,0,0,0,1,1,0,5mm,0.1,0.1,0,0,0,0,0,0.1,0.25,0.1,0,0.0015
26747,0,0,0,2,2,0,5mm,0.1,0.1,0,0,0.25,0,0,0.1,0.25,0.25,0,0.0015
26755,0,0,0,1,1,0,5mm,0.1,0.1,0,0,0.25,0,0,0.25,0.25,0.1,0,0.0015
27510,0,0,0,1,1,0,5mm,0.1,0.1,0,0.1,0.25,0,0.1,0.25,0.25,0,0,0.0015
33056,0,0,0,2,1,0,5mm,0.1,0.25,0,0,0.1,0,0,0,0.25,0.25,0,0.0015
33064,0,0,0,1,1,0,5mm,0.1,0.25,0,0,0.1,0,0,0.1,0.25,0.1,0,0.0015
33072,0,0,0,2,2,0,5mm,0.1,0.25,0,0,0.1,0,0,0.25,0.25,0,0,0.0015
33299,0,0,0,2,2,0,5mm,0.1,0.25,0,0,0.25,0,0,0,0.25,0.25,0,0.0015
33307,0,0,0,2,2,0,5mm,0.1,0.25,0,0,0.25,0,0,0.1,0.25,0.1,0,0.0015
33315,0,0,0,2,2,0,5mm,0.1,0.25,0,0,0.25,0,0,0.25,0.25,0,0,0.0015
34043,0,0,0,1,1,0,5mm,0.1,0.25,0,0.1,0.25,0,0,0.25,0.1,0.25,0,0.0015
39373,0,0,0,2,2,0,5mm,0.25,0,0,0,0,0,0,0,0.25,0.1,0,0.0015
39611,0,0,0,1,1,0,5mm,0.25,0,0,0,0.1,0,0,0,0,0.25,0,0.0015
39620,0,0,0,1,2,0,5mm,0.25,0,0,0,0.1,0,0,0.1,0,0.25,0,0.0015
39661,0,0,0,1,1,0,5mm,0.25,0,0,0,0.1,0,0.1,0.25,0.25,0.1,0,0.0015
39860,0,0,0,2,2,0,5mm,0.25,0,0,0,0.25,0,0,0,0.25,0.25,0,0.0015
39868,0,0,0,2,2,0,5mm,0.25,0,0,0,0.25,0,0,0.1,0.25,0.1,0,0.0015
39876,0,6,0,3,4,4,5mm,0.25,0,0,0,0.25,0,0,0.25,0.25,0,0,0.0015
39905,0,0,0,1,1,0,5mm,0.25,0,0,0,0.25,0,0.1,0.25,0.25,0.25,0,0.0015
40623,0,1,0,1,2,0,5mm,0.25,0,0,0.1,0.25,0,0.1,0.1,0.25,0,0,0.0015
41822,0,0,0,1,1,0,5mm,0.25,0,0.1,0,0.1,0,0,0.25,0.25,0.25,0,0.0015
42059,0,0,0,1,2,0,5mm,0.25,0,0.1,0,0.25,0,0,0.25,0,0.25,0,0.0015
42775,0,0,0,1,1,0,5mm,0.25,0,0.1,0.1,0.25,0,0,0,0.25,0.1,0,0.0015
42783,0,0,0,2,3,0,5mm,0.25,0,0.1,0.1,0.25,0,0,0.1,0.25,0,0,0.0015
43986,0,0,0,1,1,0,5mm,0.25,0,0.25,0,0.1,0,0,0,0.1,0,0,0.0015
44252,0,0,0,1,1,0,5mm,0.25,0,0.25,0,0.25,0,0,0.25,0.25,0.25,0,0.0015
45933,0,0,0,1,1,0,5mm,0.25,0.1,0,0,0,0,0,0,0.25,0,0,0.0015
45940,0,0,0,1,1,0,5mm,0.25,0.1,0,0,0,0,0,0.1,0.1,0.1,0,0.0015
46196,0,0,0,3,4,0,5mm,0.25,0.1,0,0,0.1,0,0,0.25,0.25,0.25,0,0.0015
46204,0,0,0,1,1,0,5mm,0.25,0.1,0,0,0.1,0,0.1,0,0.25,0.1,0,0.0015
46212,3,5,0,1,1,7,5mm,0.25,0.1,0,0,0.1,0,0.1,0.1,0.25,0,0,0.0015
46421,0,0,0,2,2,0,5mm,0.25,0.1,0,0,0.25,0,0,0,0.25,0.25,0,0.0015
46429,0,0,0,4,4,0,5mm,0.25,0.1,0,0,0.25,0,0,0.1,0.25,0.1,0,0.0015
46437,0,1,0,4,4,0,5mm,0.25,0.1,0,0,0.25,0,0,0.25,0.25,0,0,0.0015
46681,0,0,0,2,2,0,5mm,0.25,0.1,0,0.1,0,0,0,0.25,0.25,0.1,0,0.0015
46913,0,0,0,2,1,0,5mm,0.25,0.1,0,0.1,0.1,0,0,0.1,0.1,0.25,0,0.0015
46921,0,0,0,1,1,0,5mm,0.25,0.1,0,0.1,0.1,0,0,0.25,0.1,0.1,0,0.0015
47166,0,0,0,1,1,0,5mm,0.25,0.1,0,0.1,0.25,0,0,0.25,0.25,0,0,0.0015
48139,0,0,0,1,1,0,5mm,0.25,0.1,0.1,0,0,0,0,0.25,0.25,0.1,0,0.0015
48364,0,0,0,2,1,0,5mm,0.25,0.1,0.1,0,0.1,0,0,0,0.25,0.1,0,0.0015
48372,0,0,0,2,1,0,5mm,0.25,0.1,0.1,0,0.1,0,0,0.1,0.25,0,0,0.0015
48380,0,0,0,1,1,0,5mm,0.25,0.1,0.1,0,0.1,0,0,0.25,0.1,0.25,0,0.0015
48611,0,0,0,1,3,0,5mm,0.25,0.1,0.1,0,0.25,0,0,0.1,0,0.25,0,0.0015
49346,0,0,0,2,3,0,5mm,0.25,0.1,0.1,0.1,0.25,0,0,0.1,0.25,0.25,0,0.0015
49354,0,0,0,2,3,0,5mm,0.25,0.1,0.1,0.1,0.25,0,0,0.25,0.25,0.1,0,0.0015
49362,0,0,0,1,1,0,5mm,0.25,0.1,0.1,0.1,0.25,0,0.1,0,0.25,0,0,0.0015
50548,0,0,0,1,1,0,5mm,0.25,0.1,0.25,0,0.1,0,0,0,0.1,0.1,0,0.0015
50563,0,0,0,1,1,0,5mm,0.25,0.1,0.25,0,0.1,0,0,0.25,0,0.1,0,0.0015
50570,0,0,0,2,1,0,5mm,0.25,0.1,0.25,0,0.1,0,0,0.25,0.25,0.25,0,0.0015
52500,0,0,0,1,2,0,5mm,0.25,0.25,0,0,0,0,0,0.1,0.1,0,0,0.0015
52509,0,0,0,2,2,0,5mm,0.25,0.25,0,0,0,0,0,0.25,0.1,0,0,0.0015
52594,0,0,0,1,1,0,5mm,0.25,0.25,0,0,0,0.1,0,0.25,0.25,0.1,0,0.0015
52766,0,0,0,1,1,0,5mm,0.25,0.25,0,0,0.1,0,0.1,0,0.25,0.25,0,0.0015
52985,0,0,0,2,2,0,5mm,0.25,0.25,0,0,0.25,0,0,0.1,0,0.25,0,0.0015
52994,0,0,0,1,3,0,5mm,0.25,0.25,0,0,0.25,0,0,0.25,0,0.25,0,0.0015
53080,0,0,0,1,1,0,5mm,0.25,0.25,0,0,0.25,0.1,0,0.25,0.25,0.1,0,0.0015
53466,0,0,0,1,1,0,5mm,0.25,0.25,0,0.1,0.1,0,0,0,0.25,0,0,0.0015
53474,0,0,0,1,1,0,5mm,0.25,0.25,0,0.1,0.1,0,0,0.1,0.1,0.25,0,0.0015
53512,0,0,0,2,2,0,5mm,0.25,0.25,0,0.1,0.1,0,0.1,0.25,0.25,0.1,0,0.0015
53710,0,0,0,1,1,0,5mm,0.25,0.25,0,0.1,0.25,0,0,0,0.25,0.1,0,0.0015
53718,0,0,0,2,2,0,5mm,0.25,0.25,0,0.1,0.25,0,0,0.1,0.25,0,0,0.0015
53726,0,0,0,2,3,0,5mm,0.25,0.25,0,0.1,0.25,0,0,0.25,0.1,0.25,0,0.0015
53754,0,0,0,2,2,0,5mm,0.25,0.25,0,0.1,0.25,0,0.1,0.25,0.25,0,0,0.0015
54691,0,0,0,1,1,0,5mm,0.25,0.25,0.1,0,0,0,0,0.1,0.25,0.1,0,0.0015
54699,0,0,0,2,2,0,5mm,0.25,0.25,0.1,0,0,0,0,0.25,0.25,0,0,0.0015
54926,0,0,0,1,1,0,5mm,0.25,0.25,0.1,0,0.1,0,0,0,0.25,0.25,0,0.0015
54934,0,0,0,2,2,0,5mm,0.25,0.25,0.1,0,0.1,0,0,0.1,0.25,0.1,0,0.0015
54942,0,0,0,2,2,0,5mm,0.25,0.25,0.1,0,0.1,0,0,0.25,0.25,0,0,0.0015
55178,0,0,0,2,2,0,5mm,0.25,0.25,0.1,0,0.25,0,0,0.1,0.25,0.25,0,0.0015
55186,0,0,0,2,2,0,5mm,0.25,0.25,0.1,0,0.25,0,0,0.25,0.25,0.1,0,0.0015
55892,0,0,0,1,3,0,5mm,0.25,0.25,0.1,0.1,0.25,0,0,0,0,0.25,0,0.0015
55904,0,0,0,1,1,0,5mm,0.25,0.25,0.1,0.1,0.25,0,0,0.1,0.1,0.25,0,0.0015
55910,0,0,0,1,2,0,5mm,0.25,0.25,0.1,0.1,0.25,0,0,0.25,0,0.25,0,0.0015
56880,0,0,0,2,2,0,5mm,0.25,0.25,0.25,0,0,0,0,0.25,0,0,0,0.0015
57118,0,0,0,1,2,0,5mm,0.25,0.25,0.25,0,0.1,0,0,0.1,0.1,0.1,0,0.0015
58078,0,0,0,1,1,0,5mm,0.25,0.25,0.25,0.1,0.25,0,0,0,0,0.1,0,0.0015
20949,0,0,0,1,1,0,5mm,0.1,0,0,0.1,0.25,0,0.1,0.25,0.25,0,0,0.0015
26259,0,0,0,1,1,0,5mm,0.1,0.1,0,0,0,0,0,0.1,0.25,0,0,0.0015
26746,0,0,0,2,2,0,5mm,0.1,0.1,0,0,0.25,0,0,0.1,0.25,0.1,0,0.0015
26754,0,1,0,2,1,0,5mm,0.1,0.1,0,0,0.25,0,0,0.25,0.25,0,0,0.0015
29670,0,0,0,2,2,0,5mm,0.1,0.1,0.1,0.1,0.25,0,0,0.25,0.25,0,0,0.0015
33055,0,0,0,2,2,0,5mm,0.1,0.25,0,0,0.1,0,0,0,0.25,0.1,0,0.0015
33297,0,0,0,1,1,0,5mm,0.1,0.25,0,0,0.25,0,0,0,0.25,0,0,0.0015
33313,0,0,0,1,1,0,5mm,0.1,0.25,0,0,0.25,0,0,0.25,0.1,0.1,0,0.0015
34041,0,0,0,2,2,0,5mm,0.1,0.25,0,0.1,0.25,0,0,0.25,0.1,0,0,0.0015
36224,0,0,0,2,1,0,5mm,0.1,0.25,0.1,0.1,0.25,0,0,0.1,0.25,0.25,0,0.0015
36232,0,0,0,2,2,0,5mm,0.1,0.25,0.1,0.1,0.25,0,0,0.25,0.25,0.1,0,0.0015
37686,0,0,0,1,1,0,5mm,0.1,0.25,0.25,0,0.25,0,0,0.25,0.1,0,0,0.0015
39383,0,0,0,1,1,0,5mm,0.25,0,0,0,0,0,0,0.1,0.25,0.25,0,0.0015
39613,0,0,0,2,1,0,5mm,0.25,0,0,0,0.1,0,0,0,0.1,0.1,0,0.0015
39629,0,0,0,1,2,0,5mm,0.25,0,0,0,0.1,0,0,0.25,0,0.25,0,0.0015
39859,0,0,0,2,2,0,5mm,0.25,0,0,0,0.25,0,0,0,0.25,0.1,0,0.0015
39867,0,0,0,2,3,0,5mm,0.25,0,0,0,0.25,0,0,0.1,0.25,0,0,0.0015
42542,0,0,0,1,1,0,5mm,0.25,0,0.1,0.1,0.1,0,0,0.1,0.25,0.25,0,0.0015
42550,0,0,0,2,1,0,5mm,0.25,0,0.1,0.1,0.1,0,0,0.25,0.25,0.1,0,0.0015
42771,0,0,0,1,1,0,5mm,0.25,0,0.1,0.1,0.25,0,0,0,0.1,0,0,0.0015
42791,0,0,0,1,1,0,5mm,0.25,0,0.1,0.1,0.25,0,0,0.25,0.1,0.25,0,0.0015
43998,0,0,0,1,1,0,5mm,0.25,0,0.25,0,0.1,0,0,0.1,0.25,0,0,0.0015
44006,0,0,0,1,1,0,5mm,0.25,0,0.25,0,0.1,0,0,0.25,0.1,0.25,0,0.0015
44233,0,0,0,1,1,0,5mm,0.25,0,0.25,0,0.25,0,0,0,0.25,0.1,0,0.0015
44241,0,0,0,1,1,0,5mm,0.25,0,0.25,0,0.25,0,0,0.1,0.25,0,0,0.0015
45949,0,0,0,1,1,0,5mm,0.25,0.1,0,0,0,0,0,0.25,0.1,0.1,0,0.0015
46172,0,0,0,1,1,0,5mm,0.25,0.1,0,0,0.1,0,0,0,0,0.25,0,0.0015
46190,0,0,0,1,1,0,5mm,0.25,0.1,0,0,0.1,0,0,0.25,0,0.25,0,0.0015
46419,0,0,0,3,4,0,5mm,0.25,0.1,0,0,0.25,0,0,0,0.25,0,0,0.0015
46922,0,0,0,1,1,0,5mm,0.25,0.1,0,0.1,0.1,0,0,0.25,0.1,0.25,0,0.0015
47165,0,0,0,2,3,0,5mm,0.25,0.1,0,0.1,0.25,0,0,0.25,0.1,0.25,0,0.0015
48137,0,0,0,1,1,0,5mm,0.25,0.1,0.1,0,0,0,0,0.25,0.1,0.25,0,0.0015
48370,0,0,0,1,1,0,5mm,0.25,0.1,0.1,0,0.1,0,0,0.1,0.1,0.1,0,0.0015
49092,0,0,0,2,2,0,5mm,0.25,0.1,0.1,0.1,0.1,0,0,0,0.25,0,0,0.0015
49336,0,0,0,2,2,0,5mm,0.25,0.1,0.1,0.1,0.25,0,0,0,0.25,0.1,0,0.0015
49344,0,0,0,2,3,0,5mm,0.25,0.1,0.1,0.1,0.25,0,0,0.1,0.25,0,0,0.0015
50561,0,0,0,1,1,0,5mm,0.25,0.1,0.25,0,0.1,0,0,0.1,0.25,0.25,0,0.0015
50569,0,0,0,1,1,0,5mm,0.25,0.1,0.25,0,0.1,0,0,0.25,0.25,0.1,0,0.0015
50793,0,0,0,1,1,0,5mm,0.25,0.1,0.25,0,0.25,0,0,0,0.25,0,0,0.0015
50809,0,0,0,1,1,0,5mm,0.25,0.1,0.25,0,0.25,0,0,0.25,0.1,0.1,0,0.0015
52496,0,0,0,2,2,0,5mm,0.25,0.25,0,0,0,0,0,0,0.25,0.25,0,0.0015
52512,0,0,0,2,1,0,5mm,0.25,0.25,0,0,0,0,0,0.25,0.25,0,0,0.0015
52745,0,0,0,1,2,0,5mm,0.25,0.25,0,0,0.1,0,0,0.1,0.1,0.25,0,0.0015
52981,0,0,0,5,4,0,5mm,0.25,0.25,0,0,0.25,0,0,0,0.25,0.1,0,0.0015
52989,0,0,0,4,4,0,5mm,0.25,0.25,0,0,0.25,0,0,0.1,0.25,0,0,0.0015
53021,0,0,0,1,1,0,5mm,0.25,0.25,0,0,0.25,0,0.1,0.25,0,0.25,0,0.0015
53081,0,0,0,1,1,0,5mm,0.25,0.25,0,0,0.25,0.1,0,0.25,0.25,0.25,0,0.0015
53234,0,0,0,2,2,0,5mm,0.25,0.25,0,0.1,0,0,0,0.1,0.25,0.25,0,0.0015
53242,0,0,0,1,1,0,5mm,0.25,0.25,0,0.1,0,0,0,0.25,0.25,0.1,0,0.0015
53464,0,0,0,2,3,0,5mm,0.25,0.25,0,0.1,0.1,0,0,0,0.1,0.1,0,0.0015
53479,0,0,0,1,1,0,5mm,0.25,0.25,0,0.1,0.1,0,0,0.25,0,0.1,0,0.0015
53706,0,0,0,3,4,0,5mm,0.25,0.25,0,0.1,0.25,0,0,0,0.1,0,0,0.0015
53715,0,0,0,2,3,0,5mm,0.25,0.25,0,0.1,0.25,0,0,0.1,0.1,0,0,0.0015
53721,0,0,0,1,1,0,5mm,0.25,0.25,0,0.1,0.25,0,0,0.25,0,0,0,0.0015
53742,0,0,0,1,1,0,5mm,0.25,0.25,0,0.1,0.25,0,0.1,0.1,0.1,0,0,0.0015
54690,0,0,0,2,2,0,5mm,0.25,0.25,0.1,0,0,0,0,0.1,0.25,0,0,0.0015
54698,0,0,0,1,2,0,5mm,0.25,0.25,0.1,0,0,0,0,0.25,0.1,0.25,0,0.0015
54944,0,0,0,2,2,0,5mm,0.25,0.25,0.1,0,0.1,0,0,0.25,0.25,0.25,0,0.0015
55891,0,0,0,1,2,0,5mm,0.25,0.25,0.1,0.1,0.25,0,0,0,0,0.1,0,0.0015
55900,0,0,0,1,2,0,5mm,0.25,0.25,0.1,0.1,0.25,0,0,0.1,0,0.1,0,0.0015
55934,0,0,0,2,2,0,5mm,0.25,0.25,0.1,0.1,0.25,0,0.1,0.1,0.25,0.25,0,0.0015
56400,0,0,0,1,1,0,5mm,0.25,0.25,0.1,0.25,0.1,0,0,0.25,0.25,0,0,0.0015
56631,0,0,0,1,1,0,5mm,0.25,0.25,0.1,0.25,0.25,0,0,0.1,0.1,0,0,0.0015
56884,0,0,0,2,2,0,5mm,0.25,0.25,0.25,0,0,0,0,0.25,0.1,0.1,0,0.0015
57112,0,0,0,1,1,0,5mm,0.25,0.25,0.25,0,0.1,0,0,0,0.25,0.1,0,0.0015
57120,0,0,0,2,2,0,5mm,0.25,0.25,0.25,0,0.1,0,0,0.1,0.25,0,0,0.0015
57356,0,0,0,1,1,0,5mm,0.25,0.25,0.25,0,0.25,0,0,0,0.25,0.25,0,0.0015
57364,0,0,0,1,2,0,5mm,0.25,0.25,0.25,0,0.25,0,0,0.1,0.25,0.1,0,0.0015
57372,0,0,0,1,2,0,5mm,0.25,0.25,0.25,0,0.25,0,0,0.25,0.25,0,0,0.0015
58077,0,0,0,1,1,0,5mm,0.25,0.25,0.25,0.1,0.25,0,0,0,0,0,0,0.0015
13634,0,0,0,1,1,0,5mm,0,0.25,0,0,0.25,0,0,0.25,0.25,0.25,0,0.0015
20184,0,0,0,1,1,0,5mm,0.1,0,0,0,0.25,0,0,0.1,0.25,0,0,0.0015
26513,0,0,0,2,2,0,5mm,0.1,0.1,0,0,0.1,0,0,0.25,0.25,0.25,0,0.0015
33054,0,0,0,2,2,0,5mm,0.1,0.25,0,0,0.1,0,0,0,0.25,0,0,0.0015
33308,0,0,0,2,2,0,5mm,0.1,0.25,0,0,0.25,0,0,0.1,0.25,0.25,0,0.0015
33316,0,0,0,2,2,0,5mm,0.1,0.25,0,0,0.25,0,0,0.25,0.25,0.1,0,0.0015
36223,0,0,0,2,2,0,5mm,0.1,0.25,0.1,0.1,0.25,0,0,0.1,0.25,0.1,0,0.0015
36231,0,0,0,2,2,0,5mm,0.1,0.25,0.1,0.1,0.25,0,0,0.25,0.25,0,0,0.0015
39610,0,0,0,1,1,0,5mm,0.25,0,0,0,0.1,0,0,0,0,0.1,0,0.0015
39626,0,0,0,2,2,0,5mm,0.25,0,0,0,0.1,0,0,0.1,0.25,0.25,0,0.0015
39634,0,0,0,3,2,0,5mm,0.25,0,0,0,0.1,0,0,0.25,0.25,0.1,0,0.0015
39857,0,0,0,2,4,0,5mm,0.25,0,0,0,0.25,0,0,0,0.1,0.25,0,0.0015
39863,0,0,0,2,4,0,5mm,0.25,0,0,0,0.25,0,0,0.1,0,0.25,0,0.0015
39896,0,0,0,2,2,0,5mm,0.25,0,0,0,0.25,0,0.1,0.1,0.25,0.25,0,0.0015
39904,0,0,0,2,1,0,5mm,0.25,0,0,0,0.25,0,0.1,0.25,0.25,0.1,0,0.0015
40360,0,0,0,1,1,0,5mm,0.25,0,0,0.1,0.1,0,0,0.25,0.1,0.1,0,0.0015
41809,0,0,0,1,1,0,5mm,0.25,0,0.1,0,0.1,0,0,0.1,0.1,0.1,0,0.0015
41817,0,0,0,1,1,0,5mm,0.25,0,0.1,0,0.1,0,0,0.25,0.1,0,0,0.0015
42045,0,0,0,4,2,0,5mm,0.25,0,0.1,0,0.25,0,0,0,0.25,0,0,0.0015
42782,0,0,0,1,1,0,5mm,0.25,0,0.1,0.1,0.25,0,0,0.1,0.1,0.25,0,0.0015
43762,0,0,0,1,1,0,5mm,0.25,0,0.25,0,0,0,0,0.25,0.1,0.1,0,0.0015
44007,0,0,0,1,1,0,5mm,0.25,0,0.25,0,0.1,0,0,0.25,0.25,0,0,0.0015
45935,0,0,0,2,1,0,5mm,0.25,0.1,0,0,0,0,0,0,0.25,0.25,0,0.0015
45943,0,0,0,2,2,0,5mm,0.25,0.1,0,0,0,0,0,0.1,0.25,0.1,0,0.0015
46181,0,0,0,1,2,0,5mm,0.25,0.1,0,0,0.1,0,0,0.1,0,0.25,0,0.0015
46205,0,0,0,2,1,0,5mm,0.25,0.1,0,0,0.1,0,0.1,0,0.25,0.25,0,0.0015
46213,0,0,0,1,1,0,5mm,0.25,0.1,0,0,0.1,0,0.1,0.1,0.25,0.1,0,0.0015
46418,0,0,0,2,1,0,5mm,0.25,0.1,0,0,0.25,0,0,0,0.1,0.25,0,0.0015
46433,0,0,0,2,3,0,5mm,0.25,0.1,0,0,0.25,0,0,0.25,0,0.25,0,0.0015
46682,0,0,0,1,1,0,5mm,0.25,0.1,0,0.1,0,0,0,0.25,0.25,0.25,0,0.0015
46903,0,0,0,1,2,0,5mm,0.25,0.1,0,0.1,0.1,0,0,0,0.1,0.1,0,0.0015
47154,0,0,0,2,3,0,5mm,0.25,0.1,0,0.1,0.25,0,0,0.1,0.1,0,0,0.0015
47160,0,0,0,1,2,0,5mm,0.25,0.1,0,0.1,0.25,0,0,0.25,0,0,0,0.0015
48127,0,0,0,1,1,0,5mm,0.25,0.1,0.1,0,0,0,0,0.1,0.1,0.1,0,0.0015
48135,0,0,0,2,2,0,5mm,0.25,0.1,0.1,0,0,0,0,0.25,0.1,0,0,0.0015
48365,0,0,0,2,1,0,5mm,0.25,0.1,0.1,0,0.1,0,0,0,0.25,0.25,0,0.0015
48373,0,0,0,2,1,0,5mm,0.25,0.1,0.1,0,0.1,0,0,0.1,0.25,0.1,0,0.0015
48381,0,0,0,2,1,0,5mm,0.25,0.1,0.1,0,0.1,0,0,0.25,0.25,0,0,0.0015
49103,0,0,0,2,2,0,5mm,0.25,0.1,0.1,0.1,0.1,0,0,0.1,0.25,0.25,0,0.0015
49329,0,0,0,1,1,0,5mm,0.25,0.1,0.1,0.1,0.25,0,0,0,0,0,0,0.0015
49337,0,0,0,2,1,0,5mm,0.25,0.1,0.1,0.1,0.25,0,0,0,0.25,0.25,0,0.0015
49345,0,0,0,2,3,0,5mm,0.25,0.1,0.1,0.1,0.25,0,0,0.1,0.25,0.1,0,0.0015
49353,0,0,0,2,3,0,5mm,0.25,0.1,0.1,0.1,0.25,0,0,0.25,0.25,0,0,0.0015
49382,0,0,0,2,1,0,5mm,0.25,0.1,0.1,0.1,0.25,0,0.1,0.25,0.25,0.25,0,0.0015
50557,0,0,0,1,1,0,5mm,0.25,0.1,0.25,0,0.1,0,0,0.1,0.1,0.1,0,0.0015
50565,0,0,0,1,2,0,5mm,0.25,0.1,0.25,0,0.1,0,0,0.25,0.1,0,0,0.0015
50813,0,0,0,1,1,0,5mm,0.25,0.1,0.25,0,0.25,0,0,0.25,0.25,0.25,0,0.0015
51517,0,0,0,1,1,0,5mm,0.25,0.1,0.25,0.1,0.25,0,0,0,0,0.1,0,0.0015
52491,0,0,0,1,1,0,5mm,0.25,0.25,0,0,0,0,0,0,0.1,0,0,0.0015
52739,0,0,0,4,3,0,5mm,0.25,0.25,0,0,0.1,0,0,0,0.25,0.25,0,0.0015
52747,0,0,0,4,3,0,5mm,0.25,0.25,0,0,0.1,0,0,0.1,0.25,0.1,0,0.0015
52755,0,0,0,3,3,0,5mm,0.25,0.25,0,0,0.1,0,0,0.25,0.25,0,0,0.0015
53012,0,0,0,2,1,0,5mm,0.25,0.25,0,0,0.25,0,0.1,0.1,0,0.25,0,0.0015
53243,0,0,0,1,1,0,5mm,0.25,0.25,0,0.1,0,0,0,0.25,0.25,0.25,0,0.0015
53465,0,0,0,2,3,0,5mm,0.25,0.25,0,0.1,0.1,0,0,0,0.1,0.25,0,0.0015
53473,0,0,0,1,1,0,5mm,0.25,0.25,0,0.1,0.1,0,0,0.1,0.1,0.1,0,0.0015
53486,0,0,0,2,3,0,5mm,0.25,0.25,0,0.1,0.1,0,0,0.25,0.25,0.25,0,0.0015
53502,0,0,0,1,1,0,5mm,0.25,0.25,0,0.1,0.1,0,0.1,0.1,0.25,0,0,0.0015
53705,0,0,0,1,3,0,5mm,0.25,0.25,0,0.1,0.25,0,0,0,0,0.25,0,0.0015
53713,0,0,0,2,4,0,5mm,0.25,0.25,0,0.1,0.25,0,0,0.1,0,0.1,0,0.0015
53723,0,0,0,1,3,0,5mm,0.25,0.25,0,0.1,0.25,0,0,0.25,0,0.25,0,0.0015
54700,0,0,0,2,1,0,5mm,0.25,0.25,0.1,0,0,0,0,0.25,0.25,0.1,0,0.0015
54931,0,0,0,1,2,0,5mm,0.25,0.25,0.1,0,0.1,0,0,0.1,0.1,0.1,0,0.0015
54940,0,0,0,1,2,0,5mm,0.25,0.25,0.1,0,0.1,0,0,0.25,0.1,0.1,0,0.0015
55187,0,0,0,2,2,0,5mm,0.25,0.25,0.1,0,0.25,0,0,0.25,0.25,0.25,0,0.0015
55203,0,0,0,1,1,0,5mm,0.25,0.25,0.1,0,0.25,0,0.1,0.1,0.25,0,0,0.0015
55212,0,0,0,2,1,0,5mm,0.25,0.25,0.1,0,0.25,0,0.1,0.25,0.25,0,0,0.0015
55908,0,0,0,1,1,0,5mm,0.25,0.25,0.1,0.1,0.25,0,0,0.25,0,0,0,0.0015
56885,0,0,0,1,2,0,5mm,0.25,0.25,0.25,0,0,0,0,0.25,0.1,0.25,0,0.0015
57126,0,0,0,2,2,0,5mm,0.25,0.25,0.25,0,0.1,0,0,0.25,0.1,0,0,0.0015
58814,0,0,0,1,1,0,5mm,0.25,0.25,0.25,0.25,0.25,0,0,0,0.25,0.25,0,0.0015
13390,0,0,0,1,1,0,5mm,0,0.25,0,0,0.1,0,0,0.25,0.25,0.1,0,0.0015
19951,0,0,0,1,1,0,5mm,0.1,0,0,0,0.1,0,0,0.25,0.25,0.1,0,0.0015
26756,0,0,0,2,2,0,5mm,0.1,0.1,0,0,0.25,0,0,0.25,0.25,0.25,0,0.0015
32811,0,0,0,1,1,0,5mm,0.1,0.25,0,0,0,0,0,0,0.25,0,0,0.0015
34032,0,0,0,2,2,0,5mm,0.1,0.25,0,0.1,0.25,0,0,0.1,0.1,0,0,0.0015
36214,0,0,0,1,1,0,5mm,0.1,0.25,0.1,0.1,0.25,0,0,0,0.25,0.1,0,0.0015
36222,0,0,0,2,2,0,5mm,0.1,0.25,0.1,0.1,0.25,0,0,0.1,0.25,0,0,0.0015
39617,0,0,0,1,1,0,5mm,0.25,0,0,0,0.1,0,0,0,0.25,0.25,0,0.0015
39625,0,0,0,2,2,0,5mm,0.25,0,0,0,0.1,0,0,0.1,0.25,0.1,0,0.0015
39633,0,1,0,3,3,0,5mm,0.25,0,0,0,0.1,0,0,0.25,0.25,0,0,0.0015
39856,0,0,0,2,2,0,5mm,0.25,0,0,0,0.25,0,0,0,0.1,0.1,0,0.0015
39871,0,0,0,1,1,0,5mm,0.25,0,0,0,0.25,0,0,0.25,0,0.1,0,0.0015
39878,0,0,0,3,3,0,5mm,0.25,0,0,0,0.25,0,0,0.25,0.25,0.25,0,0.0015
39886,0,0,0,2,2,0,5mm,0.25,0,0,0,0.25,0,0.1,0,0.25,0.1,0,0.0015
39895,0,0,0,2,1,0,5mm,0.25,0,0,0,0.25,0,0.1,0.1,0.25,0.1,0,0.0015
39903,4,4,0,1,1,5,5mm,0.25,0,0,0,0.25,0,0.1,0.25,0.25,0,0,0.0015
41803,0,0,0,2,2,0,5mm,0.25,0,0.1,0,0.1,0,0,0,0.25,0.1,0,0.0015
41811,0,0,0,1,1,0,5mm,0.25,0,0.1,0,0.1,0,0,0.1,0.25,0,0,0.0015
42056,0,0,0,2,1,0,5mm,0.25,0,0.1,0,0.25,0,0,0.1,0.25,0.25,0,0.0015
42064,0,0,0,2,1,0,5mm,0.25,0,0.1,0,0.25,0,0,0.25,0.25,0.1,0,0.0015
42532,0,0,0,1,1,0,5mm,0.25,0,0.1,0.1,0.1,0,0,0,0.25,0.1,0,0.0015
42540,0,0,0,2,2,0,5mm,0.25,0,0.1,0.1,0.1,0,0,0.1,0.25,0,0,0.0015
42784,0,0,0,2,2,0,5mm,0.25,0,0.1,0.1,0.25,0,0,0.1,0.25,0.1,0,0.0015
42792,0,0,0,2,3,0,5mm,0.25,0,0.1,0.1,0.25,0,0,0.25,0.25,0,0,0.0015
43995,0,0,0,1,1,0,5mm,0.25,0,0.25,0,0.1,0,0,0.1,0.1,0,0,0.0015
44009,0,0,0,1,1,0,5mm,0.25,0,0.25,0,0.1,0,0,0.25,0.25,0.25,0,0.0015
44234,0,0,0,1,1,0,5mm,0.25,0,0.25,0,0.25,0,0,0,0.25,0.25,0,0.0015
44242,0,0,0,1,1,0,5mm,0.25,0,0.25,0,0.25,0,0,0.1,0.25,0.1,0,0.0015
44250,0,0,0,1,1,0,5mm,0.25,0,0.25,0,0.25,0,0,0.25,0.25,0,0,0.0015
45944,0,0,0,1,1,0,5mm,0.25,0.1,0,0,0,0,0,0.1,0.25,0.25,0,0.0015
46176,0,0,0,2,2,0,5mm,0.25,0.1,0,0,0.1,0,0,0,0.25,0,0,0.0015
46415,0,0,0,3,3,0,5mm,0.25,0.1,0,0,0.25,0,0,0,0,0.25,0,0.0015
46439,0,0,0,4,4,0,5mm,0.25,0.1,0,0,0.25,0,0,0.25,0.25,0.25,0,0.0015
46447,0,0,0,2,1,0,5mm,0.25,0.1,0,0,0.25,0,0.1,0,0.25,0.1,0,0.0015
46455,4,4,0,2,2,5,5mm,0.25,0.1,0,0,0.25,0,0.1,0.1,0.25,0,0,0.0015
46912,0,0,0,2,2,0,5mm,0.25,0.1,0,0.1,0.1,0,0,0.1,0.1,0.1,0,0.0015
46920,0,0,0,1,1,0,5mm,0.25,0.1,0,0.1,0.1,0,0,0.25,0.1,0,0,0.0015
47145,0,0,0,2,2,0,5mm,0.25,0.1,0,0.1,0.25,0,0,0,0.1,0,0,0.0015
47152,0,0,0,1,2,0,5mm,0.25,0.1,0,0.1,0.25,0,0,0.1,0,0.1,0,0.0015
47164,0,0,0,2,3,0,5mm,0.25,0.1,0,0.1,0.25,0,0,0.25,0.1,0.1,0,0.0015
48136,0,0,0,1,1,0,5mm,0.25,0.1,0.1,0,0,0,0,0.25,0.1,0.1,0,0.0015
48607,0,0,0,3,2,0,5mm,0.25,0.1,0.1,0,0.25,0,0,0,0.25,0.1,0,0.0015
48615,0,0,0,2,1,0,5mm,0.25,0.1,0.1,0,0.25,0,0,0.1,0.25,0,0,0.0015
49094,0,0,0,2,2,0,5mm,0.25,0.1,0.1,0.1,0.1,0,0,0,0.25,0.25,0,0.0015
49102,0,0,0,2,2,0,5mm,0.25,0.1,0.1,0.1,0.1,0,0,0.1,0.25,0.1,0,0.0015
49330,0,0,0,1,2,0,5mm,0.25,0.1,0.1,0.1,0.25,0,0,0,0,0.1,0,0.0015
49338,0,0,0,1,1,0,5mm,0.25,0.1,0.1,0.1,0.25,0,0,0.1,0,0,0,0.0015
49355,0,0,0,2,3,0,5mm,0.25,0.1,0.1,0.1,0.25,0,0,0.25,0.25,0.25,0,0.0015
49371,0,0,0,2,2,0,5mm,0.25,0.1,0.1,0.1,0.25,0,0.1,0.1,0.25,0,0,0.0015
50313,0,0,0,1,1,0,5mm,0.25,0.1,0.25,0,0,0,0,0.1,0.1,0,0,0.0015
50323,0,0,0,1,1,0,5mm,0.25,0.1,0.25,0,0,0,0,0.25,0.1,0.1,0,0.0015
50795,0,0,0,1,1,0,5mm,0.25,0.1,0.25,0,0.25,0,0,0,0.25,0.25,0,0.0015
50803,0,0,0,1,1,0,5mm,0.25,0.1,0.25,0,0.25,0,0,0.1,0.25,0.1,0,0.0015
50811,0,0,0,1,1,0,5mm,0.25,0.1,0.25,0,0.25,0,0,0.25,0.25,0,0,0.0015
52495,0,0,0,2,2,0,5mm,0.25,0.25,0,0,0,0,0,0,0.25,0.1,0,0.0015
52502,0,0,0,1,1,0,5mm,0.25,0.25,0,0,0,0,0,0.1,0.1,0.25,0,0.0015
52738,0,0,0,4,4,0,5mm,0.25,0.25,0,0,0.1,0,0,0,0.25,0.1,0,0.0015
52746,0,0,0,4,3,0,5mm,0.25,0.25,0,0,0.1,0,0,0.1,0.25,0,0,0.0015
52754,0,0,0,1,2,0,5mm,0.25,0.25,0,0,0.1,0,0,0.25,0.1,0.25,0,0.0015
52991,0,0,0,5,5,0,5mm,0.25,0.25,0,0,0.25,0,0,0.1,0.25,0.25,0,0.0015
52999,0,0,0,5,5,0,5mm,0.25,0.25,0,0,0.25,0,0,0.25,0.25,0.1,0,0.0015
53007,4,3,0,2,2,5,5mm,0.25,0.25,0,0,0.25,0,0.1,0,0.25,0,0,0.0015
53060,0,0,0,1,1,0,5mm,0.25,0.25,0,0,0.25,0.1,0,0,0.1,0.25,0,0.0015
53460,0,0,0,1,1,0,5mm,0.25,0.25,0,0.1,0.1,0,0,0,0,0,0,0.0015
53468,0,0,0,1,1,0,5mm,0.25,0.25,0,0.1,0.1,0,0,0,0.25,0.25,0,0.0015
53475,0,0,0,2,2,0,5mm,0.25,0.25,0,0.1,0.1,0,0,0.1,0.25,0,0,0.0015
53513,0,0,0,1,1,0,5mm,0.25,0.25,0,0.1,0.1,0,0.1,0.25,0.25,0.25,0,0.0015
53703,0,0,0,2,3,0,5mm,0.25,0.25,0,0.1,0.25,0,0,0,0,0,0,0.0015
53719,0,0,0,2,1,0,5mm,0.25,0.25,0,0.1,0.25,0,0,0.1,0.25,0.1,0,0.0015
53727,0,0,0,2,3,0,5mm,0.25,0.25,0,0.1,0.25,0,0,0.25,0.25,0,0,0.0015
53751,0,0,0,1,1,0,5mm,0.25,0.25,0,0.1,0.25,0,0.1,0.25,0.1,0,0,0.0015
54688,0,0,0,2,2,0,5mm,0.25,0.25,0.1,0,0,0,0,0.1,0.1,0.1,0,0.0015
54696,0,0,0,2,2,0,5mm,0.25,0.25,0.1,0,0,0,0,0.25,0.1,0,0,0.0015
54924,0,0,0,2,1,0,5mm,0.25,0.25,0.1,0,0.1,0,0,0,0.25,0,0,0.0015
54932,0,0,0,1,2,0,5mm,0.25,0.25,0.1,0,0.1,0,0,0.1,0.1,0.25,0,0.0015
54939,0,0,0,2,2,0,5mm,0.25,0.25,0.1,0,0.1,0,0,0.25,0.1,0,0,0.0015
55172,0,0,0,1,1,0,5mm,0.25,0.25,0.1,0,0.25,0,0,0.1,0,0.25,0,0.0015
55653,0,0,0,2,1,0,5mm,0.25,0.25,0.1,0.1,0.1,0,0,0,0.25,0,0,0.0015
55896,0,0,0,3,3,0,5mm,0.25,0.25,0.1,0.1,0.25,0,0,0,0.25,0,0,0.0015
55901,0,0,0,1,2,0,5mm,0.25,0.25,0.1,0.1,0.25,0,0,0.1,0,0.25,0,0.0015
55925,0,0,0,2,2,0,5mm,0.25,0.25,0.1,0.1,0.25,0,0.1,0,0.25,0.25,0,0.0015
55933,0,0,0,2,2,0,5mm,0.25,0.25,0.1,0.1,0.25,0,0.1,0.1,0.25,0.1,0,0.0015
55995,0,0,0,1,1,0,5mm,0.25,0.25,0.1,0.1,0.25,0.1,0,0.25,0.25,0,0,0.0015
56886,0,0,0,2,2,0,5mm,0.25,0.25,0.25,0,0,0,0,0.25,0.25,0,0,0.0015
57115,0,0,0,1,1,0,5mm,0.25,0.25,0.25,0,0.1,0,0,0.1,0,0.1,0,0.0015
57130,0,0,0,2,2,0,5mm,0.25,0.25,0.25,0,0.1,0,0,0.25,0.25,0.1,0,0.0015
57361,0,0,0,1,2,0,5mm,0.25,0.25,0.25,0,0.25,0,0,0.1,0.1,0.1,0,0.0015
57370,0,0,0,1,2,0,5mm,0.25,0.25,0.25,0,0.25,0,0,0.25,0.1,0.1,0,0.0015
58812,0,0,0,1,1,0,5mm,0.25,0.25,0.25,0.25,0.25,0,0,0,0.25,0,0,0.0015
13633,0,0,0,1,1,0,5mm,0,0.25,0,0,0.25,0,0,0.25,0.25,0.1,0,0.0015
20194,0,0,0,2,2,0,5mm,0.1,0,0,0,0.25,0,0,0.25,0.25,0.1,0,0.0015
26503,0,0,0,1,1,0,5mm,0.1,0.1,0,0,0.1,0,0,0.1,0.25,0.1,0,0.0015
26511,0,0,0,1,1,0,5mm,0.1,0.1,0,0,0.1,0,0,0.25,0.25,0,0,0.0015
29671,0,0,0,1,1,0,5mm,0.1,0.1,0.1,0.1,0.25,0,0,0.25,0.25,0.1,0,0.0015
33063,0,0,0,2,1,0,5mm,0.1,0.25,0,0,0.1,0,0,0.1,0.25,0,0,0.0015
33304,0,0,0,1,1,0,5mm,0.1,0.25,0,0,0.25,0,0,0.1,0.1,0.1,0,0.0015
33558,0,0,0,2,2,0,5mm,0.1,0.25,0,0.1,0,0,0,0.25,0.25,0,0,0.0015
34053,0,0,0,1,1,0,5mm,0.1,0.25,0,0.1,0.25,0,0.1,0,0.25,0,0,0.0015
35500,0,0,0,1,1,0,5mm,0.1,0.25,0.1,0,0.25,0,0,0.25,0.1,0.1,0,0.0015
39615,0,0,0,2,2,0,5mm,0.25,0,0,0,0.1,0,0,0,0.25,0,0,0.0015
39854,0,0,0,3,4,0,5mm,0.25,0,0,0,0.25,0,0,0,0,0.25,0,0.0015
39872,0,0,0,2,4,0,5mm,0.25,0,0,0,0.25,0,0,0.25,0,0.25,0,0.0015
40596,0,0,0,1,1,0,5mm,0.25,0,0,0.1,0.25,0,0,0.1,0.25,0,0,0.0015
40602,0,0,0,1,2,0,5mm,0.25,0,0,0.1,0.25,0,0,0.25,0.1,0,0,0.0015
41574,0,0,0,1,2,0,5mm,0.25,0,0.1,0,0,0,0,0.25,0.1,0,0,0.0015
41804,0,0,0,1,1,0,5mm,0.25,0,0.1,0,0.1,0,0,0,0.25,0.25,0,0.0015
41812,0,0,0,1,1,0,5mm,0.25,0,0.1,0,0.1,0,0,0.1,0.25,0.1,0,0.0015
41820,0,0,0,2,1,0,5mm,0.25,0,0.1,0,0.1,0,0,0.25,0.25,0,0,0.0015
42047,0,0,0,5,3,0,5mm,0.25,0,0.1,0,0.25,0,0,0,0.25,0.25,0,0.0015
42055,0,0,0,2,1,0,5mm,0.25,0,0.1,0,0.25,0,0,0.1,0.25,0.1,0,0.0015
42063,0,0,0,2,1,0,5mm,0.25,0,0.1,0,0.25,0,0,0.25,0.25,0,0,0.0015
42773,0,0,0,2,2,0,5mm,0.25,0,0.1,0.1,0.25,0,0,0,0.1,0.25,0,0.0015
42780,0,0,0,1,1,0,5mm,0.25,0,0.1,0.1,0.25,0,0,0.1,0.1,0,0,0.0015
42786,0,0,0,1,1,0,5mm,0.25,0,0.1,0.1,0.25,0,0,0.25,0,0,0,0.0015
42794,0,0,0,2,2,0,5mm,0.25,0,0.1,0.1,0.25,0,0,0.25,0.25,0.25,0,0.0015
42819,0,0,0,1,1,0,5mm,0.25,0,0.1,0.1,0.25,0,0.1,0.25,0.25,0,0,0.0015
43997,0,0,0,1,1,0,5mm,0.25,0,0.25,0,0.1,0,0,0.1,0.1,0.25,0,0.0015
44005,0,0,0,1,1,0,5mm,0.25,0,0.25,0,0.1,0,0,0.25,0.1,0.1,0,0.0015
44243,0,0,0,1,1,0,5mm,0.25,0,0.25,0,0.25,0,0,0.1,0.25,0.25,0,0.0015
44251,0,0,0,1,1,0,5mm,0.25,0,0.25,0,0.25,0,0,0.25,0.25,0.1,0,0.0015
46177,0,0,0,2,2,0,5mm,0.25,0.1,0,0,0.1,0,0,0,0.25,0.1,0,0.0015
46185,0,0,0,3,3,0,5mm,0.25,0.1,0,0,0.1,0,0,0.1,0.25,0,0,0.0015
46214,0,0,0,1,1,0,5mm,0.25,0.1,0,0,0.1,0,0.1,0.1,0.25,0.25,0,0.0015
46448,0,0,0,2,2,0,5mm,0.25,0.1,0,0,0.25,0,0.1,0,0.25,0.25,0,0.0015
46456,0,0,0,2,2,0,5mm,0.25,0.1,0,0,0.25,0,0.1,0.1,0.25,0.1,0,0.0015
46680,0,0,0,2,2,0,5mm,0.25,0.1,0,0.1,0,0,0,0.25,0.25,0,0,0.0015
46911,0,0,0,2,2,0,5mm,0.25,0.1,0,0.1,0.1,0,0,0.1,0.1,0,0,0.0015
46917,0,0,0,1,1,0,5mm,0.25,0.1,0,0.1,0.1,0,0,0.25,0,0,0,0.0015
46925,0,0,0,1,1,0,5mm,0.25,0.1,0,0.1,0.1,0,0,0.25,0.25,0.25,0,0.0015
47167,0,0,0,1,1,0,5mm,0.25,0.1,0,0.1,0.25,0,0,0.25,0.25,0.1,0,0.0015
47175,0,0,0,1,2,0,5mm,0.25,0.1,0,0.1,0.25,0,0.1,0,0.25,0,0,0.0015
48363,0,0,0,2,1,0,5mm,0.25,0.1,0.1,0,0.1,0,0,0,0.25,0,0,0.0015
48371,0,0,0,1,1,0,5mm,0.25,0.1,0.1,0,0.1,0,0,0.1,0.1,0.25,0,0.0015
48379,0,0,0,1,1,0,5mm,0.25,0.1,0.1,0,0.1,0,0,0.25,0.1,0.1,0,0.0015
48626,0,0,0,1,1,0,5mm,0.25,0.1,0.1,0,0.25,0,0,0.25,0.25,0.25,0,0.0015
49093,0,0,0,2,2,0,5mm,0.25,0.1,0.1,0.1,0.1,0,0,0,0.25,0.1,0,0.0015
49101,0,0,0,2,1,0,5mm,0.25,0.1,0.1,0.1,0.1,0,0,0.1,0.25,0,0,0.0015
49335,0,0,0,2,3,0,5mm,0.25,0.1,0.1,0.1,0.25,0,0,0,0.25,0,0,0.0015
49343,0,0,0,1,2,0,5mm,0.25,0.1,0.1,0.1,0.25,0,0,0.1,0.1,0.25,0,0.0015
49381,0,0,0,2,2,0,5mm,0.25,0.1,0.1,0.1,0.25,0,0.1,0.25,0.25,0.1,0,0.0015
50319,0,0,0,1,2,0,5mm,0.25,0.1,0.25,0,0,0,0,0.25,0,0,0,0.0015
50551,0,0,0,1,1,0,5mm,0.25,0.1,0.25,0,0.1,0,0,0,0.25,0.1,0,0.0015
50559,0,0,0,1,1,0,5mm,0.25,0.1,0.25,0,0.1,0,0,0.1,0.25,0,0,0.0015
50567,0,0,0,1,1,0,5mm,0.25,0.1,0.25,0,0.1,0,0,0.25,0.1,0.25,0,0.0015
50800,0,0,0,1,1,0,5mm,0.25,0.1,0.25,0,0.25,0,0,0.1,0.1,0.1,0,0.0015
50808,0,0,0,1,2,0,5mm,0.25,0.1,0.25,0,0.25,0,0,0.25,0.1,0,0,0.0015
52513,0,0,0,2,1,0,5mm,0.25,0.25,0,0,0,0,0,0.25,0.25,0.1,0,0.0015
52748,0,0,0,4,4,0,5mm,0.25,0.25,0,0,0.1,0,0,0.1,0.25,0.25,0,0.0015
52756,0,0,0,3,3,0,5mm,0.25,0.25,0,0,0.1,0,0,0.25,0.25,0.1,0,0.0015
52764,3,5,0,1,2,7,5mm,0.25,0.25,0,0,0.1,0,0.1,0,0.25,0,0,0.0015
52980,0,0,0,4,3,0,5mm,0.25,0.25,0,0,0.25,0,0,0,0.25,0,0,0.0015
53463,0,0,0,2,2,0,5mm,0.25,0.25,0,0.1,0.1,0,0,0,0.1,0,0,0.0015
53469,0,0,0,1,1,0,5mm,0.25,0.25,0,0.1,0.1,0,0,0.1,0,0,0,0.0015
53477,0,0,0,2,2,0,5mm,0.25,0.25,0,0.1,0.1,0,0,0.1,0.25,0.25,0,0.0015
53485,0,0,0,2,3,0,5mm,0.25,0.25,0,0.1,0.1,0,0,0.25,0.25,0.1,0,0.0015
53707,0,0,0,3,4,0,5mm,0.25,0.25,0,0.1,0.25,0,0,0,0.1,0.1,0,0.0015
53714,0,0,0,2,4,0,5mm,0.25,0.25,0,0.1,0.25,0,0,0.1,0,0.25,0,0.0015
53724,0,0,0,1,2,0,5mm,0.25,0.25,0,0.1,0.25,0,0,0.25,0.1,0,0,0.0015
53729,0,0,0,2,2,0,5mm,0.25,0.25,0,0.1,0.25,0,0,0.25,0.25,0.25,0,0.0015
53755,0,0,0,1,2,0,5mm,0.25,0.25,0,0.1,0.25,0,0.1,0.25,0.25,0.1,0,0.0015
54694,0,0,0,1,2,0,5mm,0.25,0.25,0.1,0,0,0,0,0.25,0,0.1,0,0.0015
54925,0,0,0,2,1,0,5mm,0.25,0.25,0.1,0,0.1,0,0,0,0.25,0.1,0,0.0015
54933,0,0,0,2,2,0,5mm,0.25,0.25,0.1,0,0.1,0,0,0.1,0.25,0,0,0.0015
54941,0,0,0,1,2,0,5mm,0.25,0.25,0.1,0,0.1,0,0,0.25,0.1,0.25,0,0.0015
55167,0,0,0,2,2,0,5mm,0.25,0.25,0.1,0,0.25,0,0,0,0.25,0,0,0.0015
55176,0,0,0,2,2,0,5mm,0.25,0.25,0.1,0,0.25,0,0,0.1,0.25,0,0,0.0015
55214,0,0,0,1,1,0,5mm,0.25,0.25,0.1,0,0.25,0,0.1,0.25,0.25,0.25,0,0.0015
55890,0,0,0,1,1,0,5mm,0.25,0.25,0.1,0.1,0.25,0,0,0,0,0,0,0.0015
55898,0,0,0,2,3,0,5mm,0.25,0.25,0.1,0.1,0.25,0,0,0,0.25,0.25,0,0.0015
55906,0,0,0,3,4,0,5mm,0.25,0.25,0.1,0.1,0.25,0,0,0.1,0.25,0.1,0,0.0015
55914,0,0,0,1,2,0,5mm,0.25,0.25,0.1,0.1,0.25,0,0,0.25,0.25,0,0,0.0015
57122,0,0,0,1,1,0,5mm,0.25,0.25,0.25,0,0.1,0,0,0.1,0.25,0.25,0,0.0015
57131,0,0,0,1,2,0,5mm,0.25,0.25,0.25,0,0.1,0,0,0.25,0.25,0.25,0,0.0015
57365,0,0,0,1,1,0,5mm,0.25,0.25,0.25,0,0.25,0,0,0.1,0.25,0.25,0,0.0015
57373,0,0,0,1,2,0,5mm,0.25,0.25,0.25,0,0.25,0,0,0.25,0.25,0.1,0,0.0015
58813,0,0,0,1,1,0,5mm,0.25,0.25,0.25,0.25,0.25,0,0,0,0.25,0.1,0,0.0015
